report_code,fight_id,fight_name,encounter_id,fight_result,duration_seconds,report_date,difficulty,raid_size,player_count,fight_start_timestamp,attempt_number
1Pwx2hQvg7cDZbC9,15,Nek'zali the Soulcoiler,3470,KILL,316.526,2026-09-08,3.0,19.0,19,3322276.0,1
1Pwx2hQvg7cDZbC9,21,Entombed Sentinels,3445,KILL,337.438,2026-09-08,3.0,19.0,19,4155814.0,1
1Pwx2hQvg7cDZbC9,24,Vashnik the Malignant,3455,KILL,253.413,2026-09-08,3.0,19.0,19,4849407.0,1
1Pwx2hQvg7cDZbC9,29,The Lost Explorers,3497,KILL,251.875,2026-09-08,3.0,21.0,21,5809650.0,1
1Pwx2hQvg7cDZbC9,33,Sszorak,3420,KILL,308.454,2026-09-08,3.0,20.0,20,6515635.0,1
1Pwx2hQvg7cDZbC9,35,The Twin Fangs,3421,WIPE,45.831,2026-09-08,3.0,20.0,20,6959990.0,1
1Pwx2hQvg7cDZbC9,36,The Twin Fangs,3421,KILL,453.083,2026-09-08,3.0,20.0,20,7111275.0,2
1Pwx2hQvg7cDZbC9,41,The Coiled Altar,3429,WIPE,458.036,2026-09-08,3.0,18.0,18,8001641.0,1
1Pwx2hQvg7cDZbC9,42,The Coiled Altar,3429,KILL,378.559,2026-09-08,3.0,16.0,16,8822086.0,2
1Pwx2hQvg7cDZbC9,43,Ula'tek,3492,WIPE,115.01,2026-09-08,3.0,17.0,17,9573031.0,1
1aJTBNphf8C4jGbr,7,Vorasius,3177,KILL,280.03,2026-04-14,4.0,20.0,20,612825.0,1
1aJTBNphf8C4jGbr,12,Fallen-King Salhadaar,3179,KILL,345.592,2026-04-14,4.0,20.0,20,1451426.0,1
1aJTBNphf8C4jGbr,15,Vaelgor & Ezzorak,3178,WIPE,44.033,2026-04-14,4.0,20.0,20,2143230.0,1
1aJTBNphf8C4jGbr,16,Vaelgor & Ezzorak,3178,WIPE,229.285,2026-04-14,4.0,20.0,20,2306907.0,2
1aJTBNphf8C4jGbr,17,Vaelgor & Ezzorak,3178,KILL,484.874,2026-04-14,4.0,20.0,20,3412280.0,3
1aJTBNphf8C4jGbr,21,Lightblinded Vanguard,3180,WIPE,102.921,2026-04-14,4.0,20.0,20,4224516.0,1
1aJTBNphf8C4jGbr,22,Lightblinded Vanguard,3180,WIPE,165.25,2026-04-14,4.0,20.0,20,4439352.0,2
1aJTBNphf8C4jGbr,23,Lightblinded Vanguard,3180,WIPE,96.777,2026-04-14,4.0,20.0,20,4752201.0,3
2Hn6qhfTFaYytXrD,2,Nek'zali the Soulcoiler,3470,KILL,284.902,2026-08-29,1.0,24.0,25,134611.0,1
2Hn6qhfTFaYytXrD,7,The Twin Fangs,3421,WIPE,220.194,2026-08-29,1.0,25.0,25,710515.0,2
2Hn6qhfTFaYytXrD,8,The Twin Fangs,3421,KILL,457.92,2026-08-29,1.0,25.0,25,1039181.0,1
31PjbgTG8KDC9JBh,1,Lightblinded Vanguard,3180,KILL,251.418,2026-06-23,4.0,15.0,15,309628.0,1
31PjbgTG8KDC9JBh,3,Crown of the Cosmos,3181,WIPE,31.645,2026-06-23,4.0,15.0,15,671677.0,3
31PjbgTG8KDC9JBh,4,Crown of the Cosmos,3181,WIPE,555.21,2026-06-23,4.0,15.0,15,1007564.0,1
31PjbgTG8KDC9JBh,5,Crown of the Cosmos,3181,KILL,472.34,2026-06-23,4.0,16.0,16,1744066.0,2
3VrDYLzQHKtTyAFX,1,Rotmire,3159,WIPE,168.884,2026-06-24,4.0,16.0,16,361773.0,1
3VrDYLzQHKtTyAFX,3,Rotmire,3159,KILL,378.487,2026-06-24,4.0,16.0,16,618996.0,2
3gymwM9c2Av4Xk6r,1,Lightblinded Vanguard,3180,WIPE,149.713,2026-04-15,4.0,20.0,20,766350.0,3
3gymwM9c2Av4Xk6r,2,Lightblinded Vanguard,3180,WIPE,142.855,2026-04-15,4.0,20.0,20,1137470.0,1
3gymwM9c2Av4Xk6r,3,Lightblinded Vanguard,3180,KILL,331.271,2026-04-15,4.0,20.0,20,1411522.0,2
3gymwM9c2Av4Xk6r,4,Crown of the Cosmos,3181,WIPE,82.685,2026-04-15,4.0,20.0,20,2596843.0,1
3gymwM9c2Av4Xk6r,6,Crown of the Cosmos,3181,WIPE,85.565,2026-04-15,4.0,20.0,20,2916398.0,2
3gymwM9c2Av4Xk6r,8,Crown of the Cosmos,3181,WIPE,153.084,2026-04-15,4.0,20.0,20,3114496.0,3
3gymwM9c2Av4Xk6r,9,Crown of the Cosmos,3181,WIPE,215.437,2026-04-15,4.0,20.0,20,3389932.0,4
3gymwM9c2Av4Xk6r,10,Crown of the Cosmos,3181,WIPE,253.844,2026-04-15,4.0,20.0,20,3718237.0,5
3gymwM9c2Av4Xk6r,11,Crown of the Cosmos,3181,WIPE,193.938,2026-04-15,4.0,20.0,20,4249622.0,6
3gymwM9c2Av4Xk6r,12,Crown of the Cosmos,3181,WIPE,145.015,2026-04-15,4.0,20.0,20,4544205.0,7
3gymwM9c2Av4Xk6r,13,Crown of the Cosmos,3181,WIPE,111.826,2026-04-15,4.0,21.0,21,5354215.0,8
3gymwM9c2Av4Xk6r,14,Crown of the Cosmos,3181,WIPE,247.038,2026-04-15,4.0,21.0,21,5654042.0,9
3gymwM9c2Av4Xk6r,15,Crown of the Cosmos,3181,WIPE,261.389,2026-04-15,4.0,21.0,21,6007593.0,10
3gymwM9c2Av4Xk6r,16,Crown of the Cosmos,3181,WIPE,297.297,2026-04-15,4.0,21.0,21,6473948.0,11
3gymwM9c2Av4Xk6r,17,Crown of the Cosmos,3181,WIPE,273.276,2026-04-15,4.0,20.0,20,6930898.0,12
7fgDKpMGWzkq8Hbm,3,"Chimaerus, the Undreamt God",3306,WIPE,338.897,2026-04-01,4.0,18.0,18,514026.0,8
7fgDKpMGWzkq8Hbm,4,"Chimaerus, the Undreamt God",3306,WIPE,369.182,2026-04-01,4.0,18.0,18,950834.0,11
7fgDKpMGWzkq8Hbm,5,"Chimaerus, the Undreamt God",3306,WIPE,88.222,2026-04-01,4.0,19.0,19,1512751.0,1
7fgDKpMGWzkq8Hbm,6,"Chimaerus, the Undreamt God",3306,WIPE,581.159,2026-04-01,4.0,19.0,19,1689925.0,2
7fgDKpMGWzkq8Hbm,7,"Chimaerus, the Undreamt God",3306,WIPE,534.365,2026-04-01,4.0,19.0,19,2362916.0,3
7fgDKpMGWzkq8Hbm,8,"Chimaerus, the Undreamt God",3306,WIPE,593.1,2026-04-01,4.0,19.0,19,3061198.0,4
7fgDKpMGWzkq8Hbm,9,"Chimaerus, the Undreamt God",3306,WIPE,406.204,2026-04-01,4.0,19.0,19,4275759.0,5
7fgDKpMGWzkq8Hbm,10,"Chimaerus, the Undreamt God",3306,WIPE,148.916,2026-04-01,4.0,19.0,19,4823368.0,6
7fgDKpMGWzkq8Hbm,11,"Chimaerus, the Undreamt God",3306,WIPE,138.131,2026-04-01,4.0,19.0,19,5127584.0,7
7fgDKpMGWzkq8Hbm,12,"Chimaerus, the Undreamt God",3306,WIPE,399.812,2026-04-01,4.0,19.0,19,5347643.0,9
7fgDKpMGWzkq8Hbm,13,"Chimaerus, the Undreamt God",3306,WIPE,84.64,2026-04-01,4.0,19.0,19,5818775.0,10
D6gZPwN8vC1qAXKH,1,Lightblinded Vanguard,3180,KILL,251.418,2026-06-23,4.0,15.0,15,309628.0,1
D6gZPwN8vC1qAXKH,3,Crown of the Cosmos,3181,WIPE,31.645,2026-06-23,4.0,15.0,15,671677.0,3
D6gZPwN8vC1qAXKH,4,Crown of the Cosmos,3181,WIPE,555.21,2026-06-23,4.0,15.0,15,1007564.0,1
D6gZPwN8vC1qAXKH,5,Crown of the Cosmos,3181,KILL,472.34,2026-06-23,4.0,16.0,16,1744066.0,2
D6gZPwN8vC1qAXKH,9,"Belo'ren, Child of Al'ar",3182,KILL,263.179,2026-06-23,4.0,16.0,16,2966992.0,1
DVPfBvHpYFwytd2G,1,Rotmire,3159,WIPE,144.699,2026-06-17,5.0,19.0,19,282313.0,4
DVPfBvHpYFwytd2G,2,Rotmire,3159,WIPE,136.855,2026-06-17,5.0,19.0,19,794519.0,5
DVPfBvHpYFwytd2G,3,Rotmire,3159,WIPE,164.264,2026-06-17,5.0,19.0,19,1122777.0,1
DVPfBvHpYFwytd2G,4,Rotmire,3159,WIPE,235.535,2026-06-17,5.0,19.0,19,1379435.0,2
DVPfBvHpYFwytd2G,5,Rotmire,3159,WIPE,296.279,2026-06-17,5.0,19.0,19,1712097.0,3
DVPfBvHpYFwytd2G,6,"Chimaerus, the Undreamt God",3306,WIPE,80.98,2026-06-17,5.0,20.0,20,3373398.0,1
DVPfBvHpYFwytd2G,7,"Chimaerus, the Undreamt God",3306,WIPE,131.649,2026-06-17,5.0,20.0,20,3559860.0,2
DVPfBvHpYFwytd2G,8,"Chimaerus, the Undreamt God",3306,WIPE,185.947,2026-06-17,5.0,20.0,20,4024275.0,3
DVPfBvHpYFwytd2G,9,"Chimaerus, the Undreamt God",3306,WIPE,212.927,2026-06-17,5.0,20.0,20,4329170.0,4
DVPfBvHpYFwytd2G,10,"Chimaerus, the Undreamt God",3306,WIPE,210.913,2026-06-17,5.0,20.0,19,4624663.0,5
DVPfBvHpYFwytd2G,11,"Chimaerus, the Undreamt God",3306,WIPE,176.135,2026-06-17,5.0,20.0,19,4937576.0,6
DVPfBvHpYFwytd2G,12,"Chimaerus, the Undreamt God",3306,WIPE,221.603,2026-06-17,5.0,20.0,19,5244131.0,7
DVPfBvHpYFwytd2G,13,"Chimaerus, the Undreamt God",3306,WIPE,20.59,2026-06-17,5.0,20.0,11,5575811.0,8
GBXcvzpjkJAxCH6P,1,Nek'zali the Soulcoiler,3470,KILL,390.129,2026-09-11,4.0,20.0,20,166331.0,1
GBXcvzpjkJAxCH6P,7,Entombed Sentinels,3445,WIPE,117.643,2026-09-11,4.0,20.0,20,1078323.0,1
GBXcvzpjkJAxCH6P,9,Entombed Sentinels,3445,WIPE,298.096,2026-09-11,4.0,20.0,20,1286996.0,2
GBXcvzpjkJAxCH6P,10,Entombed Sentinels,3445,KILL,428.277,2026-09-11,4.0,20.0,20,1683701.0,3
GBXcvzpjkJAxCH6P,17,Vashnik the Malignant,3455,KILL,363.95,2026-09-11,4.0,20.0,20,3154849.0,1
GBXcvzpjkJAxCH6P,22,The Lost Explorers,3497,KILL,374.386,2026-09-11,4.0,20.0,20,4218318.0,1
GBXcvzpjkJAxCH6P,29,Sszorak,3420,WIPE,55.817,2026-09-11,4.0,20.0,20,5568990.0,1
H3WNRQj9wTF2kmc4,1,Sszorak,3420,KILL,382.16,2026-08-26,3.0,26.0,26,32070.0,1
H3WNRQj9wTF2kmc4,5,The Twin Fangs,3421,WIPE,104.278,2026-08-26,3.0,26.0,26,712373.0,3
H3WNRQj9wTF2kmc4,6,The Twin Fangs,3421,WIPE,252.892,2026-08-26,3.0,26.0,26,1113111.0,1
H3WNRQj9wTF2kmc4,7,The Twin Fangs,3421,KILL,400.447,2026-08-26,3.0,26.0,26,1552999.0,2
H3WNRQj9wTF2kmc4,10,The Coiled Altar,3429,WIPE,223.84,2026-08-26,3.0,25.0,25,2904528.0,1
H3WNRQj9wTF2kmc4,11,The Coiled Altar,3429,WIPE,243.083,2026-08-26,3.0,25.0,25,3359188.0,2
H3WNRQj9wTF2kmc4,12,The Coiled Altar,3429,WIPE,18.193,2026-08-26,3.0,25.0,25,3642347.0,3
H3WNRQj9wTF2kmc4,13,The Coiled Altar,3429,WIPE,26.713,2026-08-26,3.0,25.0,25,3698221.0,4
H3WNRQj9wTF2kmc4,14,The Coiled Altar,3429,WIPE,200.987,2026-08-26,3.0,25.0,25,4513389.0,5
H3WNRQj9wTF2kmc4,15,The Coiled Altar,3429,WIPE,134.468,2026-08-26,3.0,25.0,25,4793333.0,6
H3WNRQj9wTF2kmc4,16,The Coiled Altar,3429,WIPE,209.261,2026-08-26,3.0,25.0,25,5120777.0,7
H3WNRQj9wTF2kmc4,17,The Coiled Altar,3429,WIPE,218.302,2026-08-26,3.0,25.0,25,5534732.0,8
H3WNRQj9wTF2kmc4,18,The Coiled Altar,3429,KILL,419.237,2026-08-26,3.0,25.0,25,5825597.0,9
LMnThDVqdjya46v2,1,Rotmire,3159,WIPE,144.699,2026-06-17,5.0,19.0,19,282313.0,4
LMnThDVqdjya46v2,2,Rotmire,3159,WIPE,136.855,2026-06-17,5.0,19.0,19,794519.0,5
LMnThDVqdjya46v2,3,Rotmire,3159,WIPE,164.264,2026-06-17,5.0,19.0,19,1122777.0,1
LMnThDVqdjya46v2,4,Rotmire,3159,WIPE,235.535,2026-06-17,5.0,19.0,19,1379435.0,2
LMnThDVqdjya46v2,5,Rotmire,3159,WIPE,296.279,2026-06-17,5.0,19.0,19,1712097.0,3
MhK4B7L8VF1rvNw6,1,Vaelgor & Ezzorak,3178,WIPE,504.251,2026-03-18,3.0,20.0,20,500861.0,4
MhK4B7L8VF1rvNw6,2,Vaelgor & Ezzorak,3178,WIPE,519.117,2026-03-18,3.0,20.0,20,1334242.0,1
MhK4B7L8VF1rvNw6,3,Vaelgor & Ezzorak,3178,WIPE,250.103,2026-03-18,3.0,20.0,20,2100759.0,2
MhK4B7L8VF1rvNw6,4,Vaelgor & Ezzorak,3178,KILL,482.638,2026-03-18,3.0,20.0,20,2649554.0,3
MhK4B7L8VF1rvNw6,9,Lightblinded Vanguard,3180,WIPE,51.899,2026-03-18,3.0,20.0,20,3665277.0,1
MhK4B7L8VF1rvNw6,10,Lightblinded Vanguard,3180,WIPE,199.066,2026-03-18,3.0,21.0,21,4054428.0,2
MhK4B7L8VF1rvNw6,11,Lightblinded Vanguard,3180,WIPE,538.353,2026-03-18,3.0,21.0,21,4577263.0,3
MhK4B7L8VF1rvNw6,12,Lightblinded Vanguard,3180,KILL,366.852,2026-03-18,3.0,21.0,21,5290938.0,4
MhK4B7L8VF1rvNw6,14,Crown of the Cosmos,3181,WIPE,284.414,2026-03-18,3.0,21.0,21,6487150.0,1
MhK4B7L8VF1rvNw6,15,Crown of the Cosmos,3181,WIPE,390.068,2026-03-18,3.0,21.0,21,6850124.0,2
NQ4D9vqkTjV16MPC,1,Rotmire,3159,WIPE,304.662,2026-06-16,4.0,15.0,15,17822.0,1
NQ4D9vqkTjV16MPC,2,Rotmire,3159,KILL,359.586,2026-06-16,4.0,15.0,15,437608.0,2
NQ4D9vqkTjV16MPC,6,"Chimaerus, the Undreamt God",3306,WIPE,149.903,2026-06-16,4.0,17.0,17,1947893.0,1
NQ4D9vqkTjV16MPC,7,"Chimaerus, the Undreamt God",3306,KILL,347.861,2026-06-16,4.0,17.0,17,2170175.0,2
NQ4D9vqkTjV16MPC,13,Imperator Averzian,3176,KILL,223.953,2026-06-16,4.0,16.0,16,2979098.0,1
NQ4D9vqkTjV16MPC,16,Vorasius,3177,KILL,312.364,2026-06-16,4.0,16.0,16,3505214.0,1
NQ4D9vqkTjV16MPC,19,Fallen-King Salhadaar,3179,KILL,289.044,2026-06-16,4.0,15.0,15,4131812.0,1
NQ4D9vqkTjV16MPC,22,Vaelgor & Ezzorak,3178,KILL,398.379,2026-06-16,4.0,14.0,14,4882499.0,1
NQ4D9vqkTjV16MPC,25,Lightblinded Vanguard,3180,KILL,273.891,2026-06-16,4.0,15.0,15,5636395.0,1
XvwLCVdhJKY73zHr,3,The Lost Explorers,3497,WIPE,244.453,2026-09-16,4.0,23.0,23,1042362.0,1
XvwLCVdhJKY73zHr,6,The Lost Explorers,3497,WIPE,220.819,2026-09-16,4.0,23.0,23,1666569.0,2
XvwLCVdhJKY73zHr,7,The Lost Explorers,3497,WIPE,255.657,2026-09-16,4.0,24.0,24,2217604.0,3
XvwLCVdhJKY73zHr,8,The Lost Explorers,3497,KILL,320.15,2026-09-16,4.0,24.0,24,2552316.0,4
XvwLCVdhJKY73zHr,10,Sszorak,3420,WIPE,184.302,2026-09-16,4.0,23.0,23,3775158.0,1
XvwLCVdhJKY73zHr,11,Sszorak,3420,WIPE,147.36,2026-09-16,4.0,23.0,23,4098073.0,2
XvwLCVdhJKY73zHr,13,Sszorak,3420,WIPE,102.407,2026-09-16,4.0,23.0,23,4440305.0,3
XvwLCVdhJKY73zHr,14,Sszorak,3420,WIPE,120.087,2026-09-16,4.0,23.0,23,4658643.0,4
XvwLCVdhJKY73zHr,15,Sszorak,3420,WIPE,155.624,2026-09-16,4.0,23.0,23,4900785.0,5
XvwLCVdhJKY73zHr,16,Sszorak,3420,WIPE,83.69,2026-09-16,4.0,22.0,22,5263089.0,6
XvwLCVdhJKY73zHr,17,Sszorak,3420,WIPE,114.21,2026-09-16,4.0,22.0,22,5481218.0,7
XvwLCVdhJKY73zHr,18,Sszorak,3420,WIPE,138.249,2026-09-16,4.0,22.0,22,5709023.0,8
XvwLCVdhJKY73zHr,19,Sszorak,3420,WIPE,438.453,2026-09-16,4.0,22.0,22,5995421.0,9
XvwLCVdhJKY73zHr,21,Sszorak,3420,WIPE,74.171,2026-09-16,4.0,22.0,22,6600722.0,10
XvwLCVdhJKY73zHr,22,Sszorak,3420,WIPE,132.374,2026-09-16,4.0,22.0,22,6790314.0,11
bdqfKFjLQXvM1ZJp,2,Vorasius,3177,KILL,363.209,2026-04-08,4.0,20.0,20,283578.0,1
bdqfKFjLQXvM1ZJp,6,Fallen-King Salhadaar,3179,WIPE,455.625,2026-04-08,4.0,21.0,21,1005862.0,1
bdqfKFjLQXvM1ZJp,7,Fallen-King Salhadaar,3179,KILL,404.984,2026-04-08,4.0,21.0,21,1664705.0,2
bdqfKFjLQXvM1ZJp,10,Vaelgor & Ezzorak,3178,WIPE,236.288,2026-04-08,4.0,21.0,21,2574143.0,1
bdqfKFjLQXvM1ZJp,11,Vaelgor & Ezzorak,3178,WIPE,543.99,2026-04-08,4.0,21.0,21,2996620.0,2
bdqfKFjLQXvM1ZJp,12,Vaelgor & Ezzorak,3178,WIPE,109.813,2026-04-08,4.0,20.0,20,4205920.0,3
bdqfKFjLQXvM1ZJp,14,Vaelgor & Ezzorak,3178,WIPE,241.696,2026-04-08,4.0,20.0,20,4498352.0,4
bdqfKFjLQXvM1ZJp,15,Vaelgor & Ezzorak,3178,WIPE,87.803,2026-04-08,4.0,20.0,20,4866610.0,5
bdqfKFjLQXvM1ZJp,16,Vaelgor & Ezzorak,3178,WIPE,230.035,2026-04-08,4.0,20.0,20,5108506.0,6
bdqfKFjLQXvM1ZJp,17,Vaelgor & Ezzorak,3178,WIPE,274.307,2026-04-08,4.0,20.0,20,5458236.0,7
bdqfKFjLQXvM1ZJp,18,Vaelgor & Ezzorak,3178,WIPE,230.3,2026-04-08,4.0,20.0,20,5967159.0,8
bdqfKFjLQXvM1ZJp,19,Vaelgor & Ezzorak,3178,WIPE,549.025,2026-04-08,4.0,20.0,20,6344270.0,9
g2CL3b8YmcKyGwQD,5,"Belo'ren, Child of Al'ar",3182,KILL,201.574,2026-05-15,3.0,18.0,18,615331.0,1
g2CL3b8YmcKyGwQD,8,Midnight Falls,3183,KILL,306.421,2026-05-15,3.0,18.0,18,1227063.0,1
g2CL3b8YmcKyGwQD,14,Lightblinded Vanguard,3180,WIPE,116.625,2026-05-15,4.0,12.0,12,2677584.0,1
g2CL3b8YmcKyGwQD,15,Lightblinded Vanguard,3180,WIPE,119.518,2026-05-15,4.0,12.0,12,2963538.0,2
g2CL3b8YmcKyGwQD,16,Lightblinded Vanguard,3180,WIPE,168.608,2026-05-15,4.0,11.0,11,3325136.0,3
g2CL3b8YmcKyGwQD,17,Lightblinded Vanguard,3180,WIPE,191.117,2026-05-15,4.0,11.0,11,3665011.0,4
g2CL3b8YmcKyGwQD,19,Lightblinded Vanguard,3180,WIPE,186.776,2026-05-15,4.0,11.0,11,3988135.0,5
g2CL3b8YmcKyGwQD,20,Lightblinded Vanguard,3180,WIPE,330.064,2026-05-15,4.0,11.0,11,4327163.0,6
g2CL3b8YmcKyGwQD,21,Lightblinded Vanguard,3180,WIPE,126.912,2026-05-15,4.0,11.0,11,4796284.0,7
hY2VNwq1nWfMKFxm,1,Entombed Sentinels,3445,WIPE,95.07,2026-09-09,4.0,19.0,19,107341.0,1
hY2VNwq1nWfMKFxm,2,Entombed Sentinels,3445,WIPE,120.332,2026-09-09,4.0,19.0,19,512087.0,2
hY2VNwq1nWfMKFxm,3,Entombed Sentinels,3445,KILL,516.436,2026-09-09,4.0,19.0,19,788660.0,3
hY2VNwq1nWfMKFxm,9,Vashnik the Malignant,3455,WIPE,469.679,2026-09-09,4.0,19.0,19,2131387.0,1
hY2VNwq1nWfMKFxm,14,Vashnik the Malignant,3455,WIPE,326.713,2026-09-09,4.0,19.0,19,3177826.0,2
hY2VNwq1nWfMKFxm,18,Vashnik the Malignant,3455,WIPE,395.45,2026-09-09,4.0,20.0,20,3976248.0,3
hY2VNwq1nWfMKFxm,20,Vashnik the Malignant,3455,WIPE,315.041,2026-09-09,4.0,20.0,20,4696412.0,4
hY2VNwq1nWfMKFxm,22,Vashnik the Malignant,3455,KILL,417.035,2026-09-09,4.0,20.0,20,5224712.0,5
mYTZPFwjfK8xbHQ1,1,Sszorak,3420,KILL,382.162,2026-08-26,3.0,26.0,26,776583.0,1
mYTZPFwjfK8xbHQ1,2,The Twin Fangs,3421,KILL,400.44,2026-08-26,3.0,26.0,26,2297527.0,1
mYdNtv2y6cRWXB4z,1,Ula'tek,3492,WIPE,117.751,2026-09-02,3.0,22.0,22,252767.0,2
mYdNtv2y6cRWXB4z,3,Ula'tek,3492,WIPE,286.005,2026-09-02,3.0,22.0,22,559152.0,3
mYdNtv2y6cRWXB4z,4,Ula'tek,3492,WIPE,15.452,2026-09-02,3.0,21.0,21,877314.0,4
mYdNtv2y6cRWXB4z,5,Ula'tek,3492,KILL,301.593,2026-09-02,3.0,22.0,22,1029890.0,1
mYdNtv2y6cRWXB4z,7,Nek'zali the Soulcoiler,3470,WIPE,262.295,2026-09-02,4.0,22.0,22,2519913.0,1
mYdNtv2y6cRWXB4z,9,Nek'zali the Soulcoiler,3470,WIPE,322.581,2026-09-02,4.0,22.0,22,3104864.0,2
mYdNtv2y6cRWXB4z,10,Nek'zali the Soulcoiler,3470,WIPE,261.198,2026-09-02,4.0,22.0,22,3781415.0,3
mYdNtv2y6cRWXB4z,11,Nek'zali the Soulcoiler,3470,KILL,463.249,2026-09-02,4.0,22.0,22,4969808.0,4
mYdNtv2y6cRWXB4z,16,Entombed Sentinels,3445,WIPE,90.726,2026-09-02,4.0,22.0,22,6000523.0,1
mYdNtv2y6cRWXB4z,18,Entombed Sentinels,3445,WIPE,203.093,2026-09-02,4.0,22.0,22,6443833.0,2
tmpfDPYH8C6vFAzh,1,Nek'zali the Soulcoiler,3470,KILL,316.529,2026-09-08,3.0,19.0,19,184091.0,1
tmpfDPYH8C6vFAzh,7,Entombed Sentinels,3445,KILL,337.449,2026-09-08,3.0,19.0,19,1017714.0,1
tmpfDPYH8C6vFAzh,10,Vashnik the Malignant,3455,KILL,253.408,2026-09-08,3.0,19.0,19,1711356.0,1
tmpfDPYH8C6vFAzh,15,The Lost Explorers,3497,KILL,251.883,2026-09-08,3.0,21.0,21,2671664.0,1
tmpfDPYH8C6vFAzh,19,Sszorak,3420,KILL,308.485,2026-09-08,3.0,20.0,20,3377691.0,1
tmpfDPYH8C6vFAzh,21,The Twin Fangs,3421,WIPE,45.826,2026-09-08,3.0,20.0,20,3822096.0,1
tmpfDPYH8C6vFAzh,22,The Twin Fangs,3421,KILL,453.141,2026-09-08,3.0,20.0,20,3973370.0,2
tmpfDPYH8C6vFAzh,27,The Coiled Altar,3429,WIPE,458.066,2026-09-08,3.0,18.0,18,4863820.0,1
wqVm27KgQbYRd8pn,1,Rotmire,3159,WIPE,168.884,2026-06-24,4.0,16.0,16,361773.0,1
wqVm27KgQbYRd8pn,3,Rotmire,3159,KILL,378.487,2026-06-24,4.0,16.0,16,618996.0,10
wqVm27KgQbYRd8pn,6,Midnight Falls,3183,WIPE,393.381,2026-06-24,4.0,16.0,16,1690669.0,1
wqVm27KgQbYRd8pn,7,Midnight Falls,3183,WIPE,401.731,2026-06-24,4.0,16.0,16,2278642.0,2
wqVm27KgQbYRd8pn,8,Midnight Falls,3183,KILL,376.215,2026-06-24,4.0,16.0,16,2850189.0,3
wqVm27KgQbYRd8pn,13,Rotmire,3159,WIPE,71.451,2026-06-24,5.0,16.0,16,4112653.0,2
wqVm27KgQbYRd8pn,14,Rotmire,3159,WIPE,62.185,2026-06-24,5.0,16.0,16,4337293.0,3
wqVm27KgQbYRd8pn,15,Rotmire,3159,WIPE,170.35,2026-06-24,5.0,16.0,16,4468515.0,4
wqVm27KgQbYRd8pn,16,Rotmire,3159,WIPE,47.272,2026-06-24,5.0,16.0,16,4983769.0,5
wqVm27KgQbYRd8pn,17,Rotmire,3159,WIPE,235.289,2026-06-24,5.0,16.0,16,5171070.0,6
wqVm27KgQbYRd8pn,18,Rotmire,3159,WIPE,139.325,2026-06-24,5.0,16.0,16,5517726.0,7
wqVm27KgQbYRd8pn,19,Rotmire,3159,WIPE,183.862,2026-06-24,5.0,16.0,16,5786657.0,8
wqVm27KgQbYRd8pn,20,Rotmire,3159,WIPE,205.221,2026-06-24,5.0,16.0,16,6106418.0,9
yFTfaACXnD61KtLY,1,The Lost Explorers,3497,WIPE,255.68,2026-09-16,4.0,24.0,24,151263.0,1
yFTfaACXnD61KtLY,2,The Lost Explorers,3497,KILL,320.192,2026-09-16,4.0,24.0,24,486012.0,2
yFTfaACXnD61KtLY,4,Sszorak,3420,WIPE,184.306,2026-09-16,4.0,23.0,23,1708955.0,1
yFTfaACXnD61KtLY,5,Sszorak,3420,WIPE,147.377,2026-09-16,4.0,23.0,23,2031878.0,2
yFTfaACXnD61KtLY,7,Sszorak,3420,WIPE,102.384,2026-09-16,4.0,23.0,23,2374109.0,3
yFTfaACXnD61KtLY,8,Sszorak,3420,WIPE,120.08,2026-09-16,4.0,23.0,23,2592394.0,4
yFTfaACXnD61KtLY,9,Sszorak,3420,WIPE,155.587,2026-09-16,4.0,23.0,23,2834505.0,5
yFTfaACXnD61KtLY,10,Sszorak,3420,WIPE,83.675,2026-09-16,4.0,22.0,22,3196726.0,6
yFTfaACXnD61KtLY,11,Sszorak,3420,WIPE,114.192,2026-09-16,4.0,22.0,22,3414822.0,7
yFTfaACXnD61KtLY,12,Sszorak,3420,WIPE,138.231,2026-09-16,4.0,22.0,22,3642621.0,8
yFTfaACXnD61KtLY,13,Sszorak,3420,WIPE,438.41,2026-09-16,4.0,22.0,22,3928977.0,9
yFTfaACXnD61KtLY,15,Sszorak,3420,WIPE,74.141,2026-09-16,4.0,22.0,22,4534226.0,10
yFTfaACXnD61KtLY,16,Sszorak,3420,WIPE,132.377,2026-09-16,4.0,22.0,22,4723798.0,11
